	N120SB	N13437	N148WT	N15476	N20791	N2100D	N2116T	N2195Y	N2276D	N2520E	N2614D	N2940K	N2979R	N3026L	N32534	N3395R	N3531N	N36463	N3652L	N36619	N3693N	N3695M	N3904M	N39546	N4199U	N42094	N4570K	N46336	N48241	N4920Y	N5404N	N5497X	N5712F	N58LK	N5959A	N5971	N5987Q	N6292U	N6332D	N6395Q	N65658	N6574D	N6627N	N6694G	N6705S	N6848F	N6974V	N7192Y	N72469	N7375J	N73846	N7516P	N7544R	N7573G	N7795T	N7823G	N7937T	N79540	N7QH	N8145Q	N8328H	N8379X	N8441R	N8568Z	N8580B	N8648V	N9020X	N9040A	N9043J	N9093L	N90VT	N91AZ	N9389L	N9396V	N9444L	N9630U
Address:	909 THIRD AVE 16TH FLOOR_ NEW YORK_ NY_ 10022_ US		6931 CADET AVE_ FORT MYERS_ FL_ 339057638_ US																															PO BOX 4005_ SEVIERVILLE_ TN_ 378644005_ US																									2901 AIRPORT DR_ TORRANCE_ CA_ 905056115_ US	1601 E 27TH ST_ SCOTTSBLUFF_ NE_ 693611815_ US	4068 BUCK WOODS RD_ WOODLAWN_ VA_ 243814818_ US										836 SPENCER FARM RD_ VERGENNES_ VT_ 054914422_ US	2818 PADDOCK LN_ VILLA HILLS_ KY_ 410173655_ US				PO BOX 735_ HALF MOON BAY_ CA_ 940190735_ US
CN:	1462	17262751	CH75-10755	32-7300008	18261207	ME-41	28R-7135061	2000 SR7XL 2470	10	7AC-6102	727	18053136	28R-35366	11798	28-7505069	18258695	22762	32R-7887044	17253821	28R-7837286	12-1943	28-7890323	12-2803	28-7890539	15060199	18052311	P21000220	159	15283308	169	75-7247	14088	28-24925	TH-2365	1526	3900	853	2131	17272720	670478	17275804	17272874	3-13018	15072194	15067505	15063448	22-1341	30-216	68-16526	28-24731	17267717	24-2717	28-22339	17259273	47395	17259523	56637	17258160	30037	414-0045	203	17248879	28-22324	64248	36280	16575	18253420	22	28-3074	228-70	41675	18265784	17276549	700020	AA1A-0244	AA5-0830
Date Reg:	20180514	20180514	20180514	20180514	20180514	20180514	20180514	20180514	20180514	20180514	20180514	20180514	20180514	20180514	20180514	20180514	20180514	20180514	20180514	20180514	20180514	20180514	20180514	20180514	20180514	20180514	20180514	20180514	20180514	20180514	20180514	20180514	20180514	20180514	20180514	20180514	20180514	20180514	20180514	20180514	20180514	20180514	20180514	20180514	20180514	20180514	20180514	20180514	20180514	20180514	20180514	20180514	20180514	20180514	20180514	20180514	20180514	20180514	20180514	20180514	20180514	20180514	20180514	20180514	20180514	20180514	20180514	20180514	20180514	20180514	20180514	20180514	20180514	20180514	20180514	20180514
Hex:	A05544	A08CEE	A0C26E	A0DC77	A1AFB1	A1BBDE	A1C075	A1DE0F	A1FE30	A26149	A2859C	A306B8	A3131E	A329F5	A383C1	A3BA55	A3F27A	A41E6E	A42188	A42533	A43089	A430CE	A485B9	A4985F	A4F935	A4FF4F	A58E7F	A5A7A0	A5F305	A619F5	A6DADD	A6FCBE	A754C4	A77493	A7B38E	A7B9E3	A7BE7B	A83A5D	A84B83	A86241	A8A62C	A8A9A3	A8BF01	A8D893	A8DED0	A91589	A947AF	A9A031	A9B5B4	A9E81C	A9EBC6	AA20F8	AA2BD9	AA36D2	AA8D8F	AA9ABC	AAC689	AACD95	A95142	AB1B4E	AB6340	AB7604	AB9140	ABC12A	ABC76A	ABE137	AC7908	AC8061	AC80D2	AC9367	AC6EC0	AC946A	AD06FF	AD0A56	AD1EF3	AD69B6
ICAO:	GLF4	C172		PA32	C182	BE76	P28R	ULAC		CH7A	R22	C180	P28R	R44	P28A	C182	J3	P32T	C172	P28R	PA12	P28A	PA12	P28A	C150	C180	C210	S1	C152	TBM7	ST75	J3	P28A	BE58	SR20	SR22	M20P	M20P	C172	M20P	C172	C172	TAYB	C150	C150	C150	M20P	PA30	UH1	P28A	C172	PA24	P28A	C172	C172	C172	C175	C172	R44	C414	R44	C172	P28A	B738	C172	BL8	C182	BALL	P28A	CH7B		C182	C172	M20P	AA1	AA5
Manu:	GULFSTREAM AEROSPACE	CESSNA	WATSON TERRY F	PIPER	CESSNA	BEECH	PIPER	BOUCHER CARL G	EAGLE	AERONCA	ROBINSON HELICOPTER	CESSNA	PIPER	ROBINSON HELICOPTER COMPANY	PIPER	CESSNA	PIPER	PIPER	CESSNA	PIPER	PIPER	PIPER	PIPER	PIPER	CESSNA	CESSNA	CESSNA	INTERSTATE	CESSNA	SOCATA	BOEING	PIPER	PIPER	HAWKER BEECHCRAFT CORP	CIRRUS DESIGN CORP	CIRRUS DESIGN CORP	MOONEY	MOONEY	CESSNA	MOONEY	CESSNA	CESSNA	TAYLORCRAFT	CESSNA	CESSNA	CESSNA	MOONEY	PIPER	BELL	PIPER	CESSNA	PIPER	PIPER	CESSNA	CESSNA	CESSNA	CESSNA	CESSNA	ROBINSON HELICOPTER	CESSNA	ROBINSON HELICOPTER	CESSNA	PIPER	BOEING	CESSNA	BELLANCA	CESSNA	ADAMS BALLOON	PIPER	CHAMPION	THOMAS J SPENCER	CESSNA	CESSNA	MOONEY	AMERICAN AVIATION	GRUMMAN AMERICAN AVN. CORP.
New Address:		1500 E COLLEGE WAY STE A PMB 593_ MOUNT VERNON_ WA_ 982735637_ US		3036 N BIRCH AVE_ CUMMING_ IA_ 500619305_ US	30 N GOULD ST STE 7381_ SHERIDAN_ WY_ 828016362_ US	30 N GOULD ST STE 7381_ SHERIDAN_ WY_ 828016362_ US	13650 FENTON AVE_ SYLMAR_ CA_ 913422278_ US	908 21ST ST_ TWO RIVERS_ WI_ 542412719_ US	2016 MAIN ST APT 808_ HOUSTON_ TX_ 770028851_ US	PO BOX 187_ GASTON_ OR_ 971190187_ US	1201 N ORANGE ST STE 600_ WILMINGTON_ DE_ 198011171_ US	8812 N COUNTY ROAD 3240_ IDALOU_ TX_ 793296227_ US	1111 ALGER ST SE_ GRAND RAPIDS_ MI_ 495073807_ US	121 WISCONSIN AVE STE 101_ WHITEFISH_ MT_ 599372304_ US	333 LAFAYETTE AVE 19A_ BROOKLYN_ NY_ 11238_ US	PO BOX 534_ OSCEOLA_ IA_ 502130534_ US	15870 LINDBERGH LN_ WELLINGTON_ FL_ 334148312_ US	229 LIVE OAK LN_ MYRTLE BEACH_ SC_ 295725628_ US	110 S WASHINGTON ST_ MC LEANSBORO_ IL_ 628591147_ US	10982 DENOEU RD_ BOYNTON BEACH_ FL_ 334724530_ US	4746 E 1100 N_ SYRACUSE_ IN_ 465677238_ US	1000 SW 5TH AVE_ MIAMI_ FL_ 331303805_ US	2330 CANARY CT_ ANCHORAGE_ AK_ 995151401_ US	30 N GOULD ST STE 7381_ SHERIDAN_ WY_ 828016362_ US	1300 SE 7TH AVE_ POMPANO BEACH_ FL_ 330609422_ US	505 CEMETERY RD_ PARK CITY_ MT_ 590639421_ US	9061 AIRPORT WAY_ TULSA_ OK_ 741324010_ US	615 W DEMING PL APT 602_ CHICAGO_ IL_ 606142684_ US	100 ANGELA RD_ HUNTSVILLE_ AL_ 358061052_ US	500 S FRONT ST FL 10TH_ COLUMBUS_ OH_ 432157619_ US	4871 AVIATOR LN NW_ BREMERTON_ WA_ 983129573_ US	654 WILBUR DAM RD_ ELIZABETHTON_ TN_ 376435416_ US	28215 POPPY DR_ WILLITS_ CA_ 954908891_ US		24300 S TAMIAMI TRL_ BONITA SPRINGS_ FL_ 341347047_ US	1465 WOODBURY AVE # 815_ PORTSMOUTH_ NH_ 038013210_ US	4222 DEL MAR AVE_ SAN DIEGO_ CA_ 921073640_ US	1776 BROADWAY APT 2114_ DENVER_ CO_ 802023959_ US	575 W JACK FISH RD_ WASILLA_ AK_ 996540302_ US	2267 LAVA RIDGE CT STE 210_ ROSEVILLE_ CA_ 956614276_ US	30 N GOULD ST STE 7381_ SHERIDAN_ WY_ 828016362_ US	3519 W COUNTY ROAD 14_ LOVELAND_ CO_ 805379033_ US	1754 67TH AVE NE_ NEW ROCKFORD_ ND_ 583568763_ US	1443 W GREENFIELD CT_ ANN ARBOR_ MI_ 481082781_ US	315 DULUTH AVE N_ THIEF RIVER FALLS_ MN_ 567011837_ US	1099 AN COUNTY ROAD 1213_ GRAPELAND_ TX_ 758444648_ US	14210 LOVERS KEY LN_ ORLANDO_ FL_ 328284800_ US	UNKNOWN_ XXX_ OK_ 73125_ US	5128 FORSYTH COMMERCE RD_ ORLANDO_ FL_ 328076297_ US	2220 VIA GRANADA PL NW_ ALBUQUERQUE_ NM_ 871045500_ US	205 DUNBAR CT_ DOTHAN_ AL_ 363057202_ US	2309 W COUNTRY GABLES DR_ PHOENIX_ AZ_ 850235024_ US	1232 CHOPTANK RD_ MIDDLETOWN_ DE_ 197099038_ US	22311 COUNTY ROAD 36_ ARLINGTON_ NE_ 680025673_ US	1258 FLASH CIR_ LULING_ TX_ 786484123_ US	10306 S COUNTY ROAD 1210_ MIDLAND_ TX_ 797067820_ US	PO BOX 3248_ BETHEL_ AK_ 995593248_ US	1216 HERITAGE ACRES BLVD_ ROCKLEDGE_ FL_ 329554423_ US				1109 DARA CAY DR_ KISSIMMEE_ FL_ 347416714_ US	333 W JACK LONDON BLVD #223_ LIVERMORE_ CA_ 94551_ US	2702 LOVE FIELD DR # HDQ-4GC_ DALLAS_ TX_ 752351908_ US	9067 SKYPARK DR_ WADSWORTH_ OH_ 442819515_ US	7890 EAGLE LN_ SPRING_ TX_ 773793185_ US	16405 QUINCY ST_ HOLLAND_ MI_ 494245830_ US	23 HAMPSHIRE DR APT E_ NASHUA_ NH_ 030631927_ US	1531 ELISE LN_ AUBURN_ AL_ 368307297_ US	154 HIDDEN VALLEY AIRPARK_ SHADY SHORES_ TX_ 762087332_ US			30 N GOULD ST STE 7381_ SHERIDAN_ WY_ 828016362_ US	675 AIRPORT RD_ DUBLIN_ GA_ 310214428_ US	119 LYONS ST_ FORT COLLINS_ CO_ 805212317_ US	
Old Address:		PO BOX 115_ FRIDAY HARBOR_ WA_ 982500115_ US		119 34TH ST_ DES MOINES_ IA_ 503124526_ US	2513 CHERRY AVE_ SAN JOSE_ CA_ 951254816_ US	2655 ROBERT FOWLER WAY_ SAN JOSE_ CA_ 951481016_ US	13901 OLIVE VIEW LN UNIT 18_ SYLMAR_ CA_ 913427506_ US	4213 MENASHA AVE_ MANITOWOC_ WI_ 542201147_ US	2016 MAIN ST # 808_ HOUSTON_ TX_ 77002_ US	7582 SW VLAHOS DR_ WILSONVILLE_ OR_ 970709496_ US	3511 SILVERSIDE RD_ WILMINGTON_ DE_ 198104902_ US	PO BOX 190_ RALLS_ TX_ 793570190_ US	26 BREWER PARK CIR_ GRAND RAPIDS_ MI_ 495487212_ US	755 E 4TH AVE_ SALT LAKE CITY_ UT_ 841033871_ US	1423 LINGO RD_ LONOKE_ AR_ 720868485_ US	PO BOX 323_ FLORA VISTA_ NM_ 874150323_ US	4521 PGA BLVD STE 294_ PALM BEACH GARDENS_ FL_ 334183997_ US	C/O KEN HARRISON_ 2004 SPANISH TRAIL_ ROANOKE_ TX_ 762626890_ US	108 S WASHINGTON ST_ MC LEANSBORO_ IL_ 628591147_ US	1058 FAIRFAX CIR W_ BOYNTON BEACH_ FL_ 334368601_ US	16192 COASTAL HWY_ LEWES_ DE_ 199583608_ US	28 HERON POINT RD_ RINDGE_ NH_ 034615891_ US	612 WOODWARD RD_ MENDON_ VT_ 057016830_ US	2513 CHERRY AVE_ SAN JOSE_ CA_ 951254816_ US	1800 ROOKS RD_ POTTER_ KS_ 66077_ US	PO BOX 854_ DENTON_ MT_ 594300854_ US	3148 ARNOLD AVE_ SALINA_ KS_ 674018106_ US	615 W DENNING PL APT 602_ CHICAGO_ IL_ 606142684_ US	325 COUNTESS RD NE_ HUNTSVILLE_ AL_ 358106318_ US	229 HUBER VILLAGE BLVD STE 100_ WESTERVILLE_ OH_ 430818075_ US	6 CAMBRIDGE DR_ OAK BROOK_ IL_ 605231705_ US	206 FERGUSON AVE_ ELIZABETHTON_ TN_ 376433045_ US	5658 HARMONY BND_ BRASELTON_ GA_ 305171727_ US		3511 SILVERSIDE RD STE 105_ WILMINGTON_ DE_ 198104902_ US	1931 WOODBURY AVE # 213_ PORTSMOUTH_ NH_ 038013219_ US	PO BOX 141_ AGUILA_ AZ_ 853200141_ US	202 STRATFORD LN_ ENTERPRISE_ AL_ 363308140_ US	4700 OLD INTERNATIONAL AIRPORT RD_ ANCHORAGE_ AK_ 995021020_ US	40 CAMINO MONTE SOL_ ALAMO_ CA_ 945071422_ US	2513 CHERRY AVE_ SAN JOSE_ CA_ 951254816_ US	13745 COUNTY ROAD 114_ CARR_ CO_ 806129005_ US	PO BOX 42_ AGAR_ SD_ 575200042_ US	43200 LOCHRISEN WAY APT 3009_ NOVI_ MI_ 483755411_ US	2760 47TH ST E_ INVER GROVE HEIGHT_ MN_ 55076_ US	1610 S CHESTNUT ST_ LUFKIN_ TX_ 759015732_ US	1556 TIMBER TRACE DR_ SAINT AUGUSTINE_ FL_ 320920757_ US	10129 ROLLING HILLS CT_ BENBROOK_ TX_ 761263021_ US	939 JEFFERSON ST_ MCKEESPORT_ PA_ 151321625_ US	185 TRIBAL ROAD 90 SW_ ALBUQUERQUE_ NM_ 871058009_ US	PO BOX 242_ HEADLAND_ AL_ 363450242_ US	10 S RIVERSIDE PLAZA STE 1470_ CHICAGO_ IL_ 60606_ US	4698 PEMBROOK PL_ ORLANDO_ FL_ 328117252_ US	2162 E LAKE DR_ UNION_ NE_ 684552601_ US	PO BOX 308_ ALTO_ NM_ 883120308_ US	2311 AUBURN PL_ MIDLAND_ TX_ 797054904_ US	PO BOX 231_ LOGANDALE_ NV_ 890210231_ US	111 SW 5TH AVE STE 1500_ PORTLAND_ OR_ 972043619_ US				831 QUEENS OAK_ SAN ANTONIO_ TX_ 782583645_ US	32296 BIRD ROAD_ TRACY_ CA_ 95304_ US	1901 OAKSDALE AVE SW_ RENTON_ WA_ 980572623_ US	3503 GREENSBURG RD_ NORTH CANTON_ OH_ 447201480_ US	XXX_ OKLAHOMA CITY_ OK_ 74135_ US	15793 SR 279_ OAK HILL_ OH_ 45656_ US	52 RIVER LEDGE DR_ GOFFSTOWN_ NH_ 030456628_ US	2475 JEFFERSON ST_ ALEXANDER CITY_ AL_ 350107438_ US	69 WAGON RD_ ALPINE_ TX_ 798301018_ US			2513 CHERRY AVE_ SAN JOSE_ CA_ 951254816_ US	3760 COTTAGE GROVE AVE_ WATERFORD_ MI_ 483284307_ US	2623 HILINE DR_ BULVERDE_ TX_ 781631862_ US	
Owner:	HRS AIRCRAFT LLC	DYBERG MICHAEL DBA	WATSON TERRY F	WINSLOW JOHN BRIAN	L A M CAPITAL MANAGEMENT LLC	L A M CAPITAL MANAGEMENT LLC	SIKORA JULIEANN H	THUSS MICHAEL G	N2276D LTD CO	REGISTRATION PENDING	REGISTRATION PENDING	AEROHEAD AVIATION LLC	FIFTH FLOOR TRAVEL CONSULTANTS LLC	BCMC LLC	PLUMMER GREGORY	REGISTRATION PENDING	REGISTRATION PENDING	OSMAN RICHARD C	JBM AVIATION LLC	N36619 LLC	REGISTRATION PENDING	REGISTRATION PENDING	SULTE RANDAL	L A M CAPITAL MANAGEMENT LLC	REGISTRATION PENDING	MDN LLC	DAN HOWARD AIRCRAFT SALES LLC	REGISTRATION PENDING	PALICKI ANTHONY J	NEWARK BUILDING SUPPLY LLC	GOLD CAP LLC	HUBBARD STEVEN H	CAMERON STEVEN ANDREW	TENNESSEE AVIATION SERVICES LLC	CARDINAL 177B LLC	VCD FUN FLYING LLC	HARDESTY WILLIAM A	SALE REPORTED	HASTINGS STEPHEN J	PETERSON GLENN W	L A M CAPITAL MANAGEMENT LLC	COOK JAMES	DANDURAN LARRY D	CHATAS JOHN W	REGISTRATION PENDING	REGISTRATION PENDING	REGISTRATION PENDING	SALE REPORTED	SALE REPORTED	FOUR SEASONS AVIATION	PINSON MICHAEL E	REGISTRATION PENDING	REYES AVIATION INC	REGISTRATION PENDING	KLABUNDE JAMIE R	AMERICAN PATROLS INC	FORD ETHAN G	FUNK KATHRYN	ROBINSON HELICOPTER CO	WESTERN NEBRASKA COMMUNITY COLLEGE	BILLS HELICOPTER SERVICE LLC	REGISTRATION PENDING	SALE REPORTED	SOUTHWEST AIRLINES CO	REGISTRATION PENDING	SONDAY TERRANCE P	REGISTRATION PENDING	DEPEW MICHAEL P	SALE REPORTED	MILLER DENNIS R	SPENCER THOMAS J	FRESH AIRCRAFT SALES LLC	L A M CAPITAL MANAGEMENT LLC	HOUSTON FRED L	SALE REPORTED	TRIBBLE ROSE
Reg:	N120SB	N13437	N148WT	N15476	N20791	N2100D	N2116T	N2195Y	N2276D	N2520E	N2614D	N2940K	N2979R	N3026L	N32534	N3395R	N3531N	N36463	N3652L	N36619	N3693N	N3695M	N3904M	N39546	N4199U	N42094	N4570K	N46336	N48241	N4920Y	N5404N	N5497X	N5712F	N58LK	N5959A	N5971	N5987Q	N6292U	N6332D	N6395Q	N65658	N6574D	N6627N	N6694G	N6705S	N6848F	N6974V	N7192Y	N72469	N7375J	N73846	N7516P	N7544R	N7573G	N7795T	N7823G	N7937T	N79540	N7QH	N8145Q	N8328H	N8379X	N8441R	N8568Z	N8580B	N8648V	N9020X	N9040A	N9043J	N9093L	N90VT	N91AZ	N9389L	N9396V	N9444L	N9630U
Status:	Valid Registration	Valid Registration	Valid Registration	Valid Registration	Valid Registration	Valid Registration	Valid Registration	Valid Registration	Valid Registration	Registration pending	Registration pending	Valid Registration	Valid Registration	Valid Registration	Valid Registration	Registration pending	Registration pending	Valid Registration	Valid Registration	Valid Registration	Registration pending	Registration pending	Valid Registration	Valid Registration	Registration pending	Valid Registration	Valid Registration	Registration pending	Valid Registration	Valid Registration	Valid Registration	Valid Registration	Valid Registration	Valid Registration	Valid Registration	Second Notice for Registration Renewal	Valid Registration	Sale reported	Valid Registration	Valid Registration	Valid Registration	Valid Registration	Valid Registration	Valid Registration	Registration pending	Registration pending	Registration pending	Sale reported	Sale reported	Valid Registration	Valid Registration	Registration pending	Valid Registration	Registration pending	Valid Registration	Valid Registration	Valid Registration	Valid Registration	Aircraft registered to the manufacturer under their Dealer Certificate	Valid Registration	Valid Registration	Registration pending	Sale reported	Valid Registration	Registration pending	Valid Registration	Registration pending	Valid Registration	Sale reported	Valid Registration	Valid Registration	Valid Registration	Valid Registration	Valid Registration	Sale reported	Valid Registration
Type:	G-IV	172M	CRUISER	PA-32-260	182P	76	PA-28R-200	SIX CHUTER SR7XL	EAGLE X-TS	7AC	R22 BETA	180K	PA-28R-200	R44 II	PA-28-180	182L	J3C-65	PA-32RT-300T	172G	PA-28R-201	PA-12	PA-28-181	PA-12	PA-28-181	150D	180J	P210N	S-1B1	152	TBM 700	B75N1	J3C-65	PA-28-140	G58	SR20	SR22	M20E	M20C	172N	M20F	172P	172N	BC12-D	150L	150H	150F	M20F	PA-30	UH-1H	PA-28-140	172N	PA-24-250	PA-28-140	172L	172A	172L	175A	172K	R44	414	R44	172C	PA-28-140	737-800	172	8GCBC	182D	L D-S	PA-28-180	7GCAA	RV-10	182Q	172P	M20F	AA-1A	AA-5
